gl_account_number,gl_account_name,gl_month,gl_year,gl_amount,gl_src
111010100,Cash,11,2020,1489880.394567,G350 - Consumer and Industrial Packaging
111010200,Current A/C Balance,11,2020,438842500.4039035,G350 - Consumer and Industrial Packaging
111010300,Saving A/C Balance,11,2020,128099253.7841894,G350 - Consumer and Industrial Packaging
111010000,Cash,11,2020,568431634.5826598,G350 - Consumer and Industrial Packaging
111000000,Cash and cash equivalents,11,2020,568431634.5826598,G350 - Consumer and Industrial Packaging
112010100,Trade receivables - Related parties,11,2020,298330860.0029303,G350 - Consumer and Industrial Packaging
112010200,Trade receivables - Other parties,11,2020,6201161984.266276,G350 - Consumer and Industrial Packaging
112010210,Allowance for impair loss-trade receivables - Other parties,11,2020,-44937392.8089138,G350 - Consumer and Industrial Packaging
112010000,Trade receivables,11,2020,6454555451.460293,G350 - Consumer and Industrial Packaging
112020150,Other receivable - Employees,11,2020,2890184.49828,G350 - Consumer and Industrial Packaging
112020200,Other receivable - Others,11,2020,114637768.2886616,G350 - Consumer and Industrial Packaging
112020410,Accrued interest income,11,2020,13656227.506703,G350 - Consumer and Industrial Packaging
112020500,Prepaid expenses - Royalty fee & License,11,2020,8825918.32,G350 - Consumer and Industrial Packaging
112020510,Prepaid expense - Other tax,11,2020,13384.77,G350 - Consumer and Industrial Packaging
112020520,Prepaid Expense-Rent,11,2020,1848607.7713847,G350 - Consumer and Industrial Packaging
112020590,Prepaid expenses - Others,11,2020,39600926.991407,G350 - Consumer and Industrial Packaging
112020600,Advances payment-Goods/Services,11,2020,1271304.979995,G350 - Consumer and Industrial Packaging
112020610,Advance payment for PPE,11,2020,251486438.32,G350 - Consumer and Industrial Packaging
112020690,Advance payment for Others,11,2020,3763475.4663481,G350 - Consumer and Industrial Packaging
112020700,Deposits - Paid,11,2020,3309604.7723422,G350 - Consumer and Industrial Packaging
112020800,Insurance assets,11,2020,149574.1643312,G350 - Consumer and Industrial Packaging
112020900,Short-term Revenue Department Receivable - CIT,11,2020,403675.42,G350 - Consumer and Industrial Packaging
112020910,Refundable Tax (Non CIT),11,2020,12598145.363918,G350 - Consumer and Industrial Packaging
112020920,Value added tax (Input tax > Output tax),11,2020,196989372.0353282,G350 - Consumer and Industrial Packaging
112020930,VAT-Input Tax - Deferred (Recoverable),11,2020,38005609.339257,G350 - Consumer and Industrial Packaging
112020940,Import duty refund,11,2020,1773083.0,G350 - Consumer and Industrial Packaging
112020000,Other receivables,11,2020,691223301.007956,G350 - Consumer and Industrial Packaging
112000000,Trade and other current receivables,11,2020,7145778752.468248,G350 - Consumer and Industrial Packaging
113020100,Short-term loans - Related parties,11,2020,1525350700.85,G350 - Consumer and Industrial Packaging
113020000,Short-term loans,11,2020,1525350700.85,G350 - Consumer and Industrial Packaging
113000000,Short-term Loans,11,2020,1525350700.85,G350 - Consumer and Industrial Packaging
114010100,Finished goods,11,2020,384246614.452116,G350 - Consumer and Industrial Packaging
114010110,Accumulated decline in value of finished goods,11,2020,-2649238.36,G350 - Consumer and Industrial Packaging
114010120,Accumulated other write-down of finished goods,11,2020,-211359.814457,G350 - Consumer and Industrial Packaging
114010000,Finished goods,11,2020,381386016.277659,G350 - Consumer and Industrial Packaging
114020100,Goods in process,11,2020,115310678.2690207,G350 - Consumer and Industrial Packaging
114020000,Goods in process,11,2020,115310678.2690207,G350 - Consumer and Industrial Packaging
114030100,Raw materials,11,2020,1684554059.6187735,G350 - Consumer and Industrial Packaging
114030000,Raw materials,11,2020,1684554059.6187735,G350 - Consumer and Industrial Packaging
114040100,Spare parts,11,2020,474802251.6107604,G350 - Consumer and Industrial Packaging
114040000,Spare parts,11,2020,474802251.6107604,G350 - Consumer and Industrial Packaging
114050100,"Stores, supplies and others",11,2020,47229200.0189885,G350 - Consumer and Industrial Packaging
114050000,"Stores, supplies and others",11,2020,47229200.0189885,G350 - Consumer and Industrial Packaging
114060100,Goods in transit,11,2020,46105491.8729225,G350 - Consumer and Industrial Packaging
114060000,Goods in transit,11,2020,46105491.8729225,G350 - Consumer and Industrial Packaging
114000000,Inventories,11,2020,2749387697.668124,G350 - Consumer and Industrial Packaging
115040100,Fixed deposit maturity within 1 year - Amortized cost,11,2020,1173387468.0,G350 - Consumer and Industrial Packaging
115040000,Fixed deposit maturity within 1 year - Amortized cost,11,2020,1173387468.0,G350 - Consumer and Industrial Packaging
115080210,Derivative assets - Foreign exchange risk - Fair value adj.,11,2020,1332048.01,G350 - Consumer and Industrial Packaging
115080000,Derivative assets,11,2020,1332048.01,G350 - Consumer and Industrial Packaging
115000000,Other current financial assets,11,2020,1174719516.01,G350 - Consumer and Industrial Packaging
116010100,Corporate income tax assets - Current Year,11,2020,22227419.5670006,G350 - Consumer and Industrial Packaging
116010200,Corporate income tax assets - Prior Year,11,2020,4357134.2668623,G350 - Consumer and Industrial Packaging
116010000,Corporate income tax assets,11,2020,26584553.8338629,G350 - Consumer and Industrial Packaging
116030900,Other current assets,11,2020,-56918.13,G350 - Consumer and Industrial Packaging
116030000,Current non-cash financial assets pledged as collateral,11,2020,-56918.13,G350 - Consumer and Industrial Packaging
116000000,Other current assets,11,2020,26527635.7038629,G350 - Consumer and Industrial Packaging
119900100,Interco.elim.offset-Trade receivables,11,2020,1049836.4739965,G350 - Consumer and Industrial Packaging
119900400,Interco.elim.offset-Short-term loans,11,2020,0.0,G350 - Consumer and Industrial Packaging
119900000,Other current assets - Intercompany eliminations offset,11,2020,1049836.4739965,G350 - Consumer and Industrial Packaging
110000000,Total current assets,11,2020,13191245773.756893,G350 - Consumer and Industrial Packaging
121040100,Fixed deposit maturity over 1 year - amortized cost,11,2020,2310400.562578,G350 - Consumer and Industrial Packaging
121040000,Fixed deposit maturity over 1 year - amortized cost,11,2020,2310400.562578,G350 - Consumer and Industrial Packaging
121000000,Other non-current financial assets,11,2020,2310400.562578,G350 - Consumer and Industrial Packaging
122010100,Investments in subsidiaries - Cost,11,2020,1580939300.036455,G350 - Consumer and Industrial Packaging
122010120,Investments in subsidiaries - Impairment,11,2020,0.0,G350 - Consumer and Industrial Packaging
122010000,Investments in subsidiaries,11,2020,1580939300.036455,G350 - Consumer and Industrial Packaging
122000000,"Investments in subsidiaries, joint ventures and associates",11,2020,1580939300.036455,G350 - Consumer and Industrial Packaging
123020300,Prepaid expenses - Royalty fee & License - Non-current,11,2020,23733012.12,G350 - Consumer and Industrial Packaging
123020390,Prepaid expenses - Other - Non-current,11,2020,9414584.522795,G350 - Consumer and Industrial Packaging
123020500,Deposits for import duty,11,2020,675628.39,G350 - Consumer and Industrial Packaging
123020510,Deposits - Paid - Non-current,11,2020,907449.887664,G350 - Consumer and Industrial Packaging
123020600,Deferred factory expenses,11,2020,11381042.5046895,G350 - Consumer and Industrial Packaging
123020690,Deferred charges - Other -Non-current,11,2020,609517.75,G350 - Consumer and Industrial Packaging
123020000,Other receivables - Non-current,11,2020,46721235.1751485,G350 - Consumer and Industrial Packaging
123000000,Other non-current receivables,11,2020,46721235.1751485,G350 - Consumer and Industrial Packaging
125010100,Investment property - Land & Land improvements,11,2020,39620316.48,G350 - Consumer and Industrial Packaging
125010000,Investment property - Land & Land improvements,11,2020,39620316.48,G350 - Consumer and Industrial Packaging
125020100,Investment property - Building and structures,11,2020,25974638.05,G350 - Consumer and Industrial Packaging
125020110,Accumulated depreciation -IP - Building and structures,11,2020,-24264967.749366,G350 - Consumer and Industrial Packaging
125020000,Investment property - Building and structures,11,2020,1709670.300634,G350 - Consumer and Industrial Packaging
125000000,Investment property,11,2020,41329986.780634,G350 - Consumer and Industrial Packaging
126010100,Land,11,2020,1884064175.6891465,G350 - Consumer and Industrial Packaging
126010200,Land improvements,11,2020,98253707.22,G350 - Consumer and Industrial Packaging
126010210,Accumulated depreciation  - Land improvements,11,2020,-76553447.13,G350 - Consumer and Industrial Packaging
126010000,Land and Land improvements,11,2020,1905764435.7791464,G350 - Consumer and Industrial Packaging
126020100,Building and structures,11,2020,4618976009.524508,G350 - Consumer and Industrial Packaging
126020110,Accumulated depreciation  - Building and structures,11,2020,-2636730276.729023,G350 - Consumer and Industrial Packaging
126020000,Building and structures,11,2020,1982245732.7954855,G350 - Consumer and Industrial Packaging
126025100,Machinery and equipment,11,2020,17287017157.572998,G350 - Consumer and Industrial Packaging
126025101,Machinery and equipment - Major Spare part,11,2020,7096069.1613228,G350 - Consumer and Industrial Packaging
126025110,Accumulated depreciation  - Machinery&equipment,11,2020,-11109035947.186169,G350 - Consumer and Industrial Packaging
126025120,Accumulated impairment - Machinery&equip.,11,2020,-12597371.0,G350 - Consumer and Industrial Packaging
126025000,Machinery and equipment,11,2020,6172479908.54815,G350 - Consumer and Industrial Packaging
126030100,Transportation equipment,11,2020,69433037.8915761,G350 - Consumer and Industrial Packaging
126030110,Accumulated depreciation and - Transportation equipment,11,2020,-47130351.9920116,G350 - Consumer and Industrial Packaging
126030000,Transportation equipment,11,2020,22302685.8995645,G350 - Consumer and Industrial Packaging
126035100,Office furniture and equipment,11,2020,393081153.1952074,G350 - Consumer and Industrial Packaging
126035110,Accumulated depreciation - Office furniture&equipment,11,2020,-335291220.2678428,G350 - Consumer and Industrial Packaging
126035000,Office furniture and equipment,11,2020,57789932.9273646,G350 - Consumer and Industrial Packaging
126040100,Construction work in progress,11,2020,671283330.2591468,G350 - Consumer and Industrial Packaging
126040000,Construction work in progress,11,2020,671283330.2591468,G350 - Consumer and Industrial Packaging
126060100,ROU - Land and land improvements,11,2020,813810283.3392375,G350 - Consumer and Industrial Packaging
126060110,ROU - Accumulated depreciation - Land and land improvements,11,2020,-80084343.7648727,G350 - Consumer and Industrial Packaging
126060000,ROU - Land and land improvements,11,2020,733725939.5743647,G350 - Consumer and Industrial Packaging
126065100,ROU - Building and structures,11,2020,34954992.558387,G350 - Consumer and Industrial Packaging
126065110,ROU - Accumulated depreciation - Building and structures,11,2020,-11894541.6609305,G350 - Consumer and Industrial Packaging
126065000,ROU - Building and structures,11,2020,23060450.8974565,G350 - Consumer and Industrial Packaging
126070100,ROU - Plant machinery and equipment,11,2020,29026222.37983,G350 - Consumer and Industrial Packaging
126070110,ROU - Accum. depreciation - Plant machinery and equipment,11,2020,-9250421.2584935,G350 - Consumer and Industrial Packaging
126070000,ROU - Plant machinery and equipment,11,2020,19775801.1213365,G350 - Consumer and Industrial Packaging
126075100,ROU - Transportation equipment,11,2020,252439077.5300553,G350 - Consumer and Industrial Packaging
126075110,ROU - Accumulated depreciation - Transportation equipment,11,2020,-90862614.8861325,G350 - Consumer and Industrial Packaging
126075000,ROU - Transportation equipment,11,2020,161576462.6439228,G350 - Consumer and Industrial Packaging
126080100,ROU - Office furniture and equipment,11,2020,22870500.37,G350 - Consumer and Industrial Packaging
126080110,ROU - Accum. depreciation - Office furniture and equipment,11,2020,-7628591.066309,G350 - Consumer and Industrial Packaging
126080000,ROU - Office furniture and equipment,11,2020,15241909.303691,G350 - Consumer and Industrial Packaging
126000000,"Property, plant and equipment",11,2020,11765246589.74963,G350 - Consumer and Industrial Packaging
127010100,Goodwill,11,2020,3664106641.7421327,G350 - Consumer and Industrial Packaging
127010000,Goodwill,11,2020,3664106641.7421327,G350 - Consumer and Industrial Packaging
127000000,Goodwill,11,2020,3664106641.7421327,G350 - Consumer and Industrial Packaging
127110100,Software licenses,11,2020,279228311.1431115,G350 - Consumer and Industrial Packaging
127110110,Accumulated amortization - Software licenses,11,2020,-227715150.0063777,G350 - Consumer and Industrial Packaging
127110000,Software licenses,11,2020,51513161.1367338,G350 - Consumer and Industrial Packaging
127115100,"Patent, copyright and trade secret - Purchase from outside",11,2020,846831.0,G350 - Consumer and Industrial Packaging
127115110,"Accum. Amortize- Patent, copyright & trade secret-Purchase",11,2020,-592781.7,G350 - Consumer and Industrial Packaging
127115000,"Patent, copyright and trade secret - Purchase from outside",11,2020,254049.3,G350 - Consumer and Industrial Packaging
127135100,Intangible assets work in progress (AUC),11,2020,6788216.58,G350 - Consumer and Industrial Packaging
127135000,Intangible assets work in progress (AUC),11,2020,6788216.58,G350 - Consumer and Industrial Packaging
127155100,Intangible Assets - Others,11,2020,701888.7255515,G350 - Consumer and Industrial Packaging
127155110,Accumulated amortization - Intangible Assets - Others,11,2020,-490540.7755515,G350 - Consumer and Industrial Packaging
127155000,Intangible assets - Others,11,2020,211347.95,G350 - Consumer and Industrial Packaging
127100000,Other intangible assets,11,2020,58766774.9667338,G350 - Consumer and Industrial Packaging
128010100,Deferred income tax-Receivables,11,2020,6118388.3082983,G350 - Consumer and Industrial Packaging
128010150,Deferred income tax-Inventories,11,2020,209063.037748,G350 - Consumer and Industrial Packaging
128010250,Deferred income tax-Investments,11,2020,31052863.27,G350 - Consumer and Industrial Packaging
128010300,"Deferred income tax-Property, plant and equipment",11,2020,26452788.3412422,G350 - Consumer and Industrial Packaging
128010500,Deferred income tax-Employee benefits,11,2020,158307414.7648243,G350 - Consumer and Industrial Packaging
128010650,Deferred income tax-Leases-Leasee,11,2020,609749.2236695,G350 - Consumer and Industrial Packaging
128010800,Deferred income tax-Derivative,11,2020,186709.94,G350 - Consumer and Industrial Packaging
128010900,Deferred income tax-Loss carry forward,11,2020,-321845.1095951,G350 - Consumer and Industrial Packaging
128010990,Deferred income tax-Others,11,2020,7982599.722886,G350 - Consumer and Industrial Packaging
128010999,Deferred income tax-DTA-Offseting,11,2020,-143158.669213,G350 - Consumer and Industrial Packaging
128010000,Deferred tax assets,11,2020,230454572.8298602,G350 - Consumer and Industrial Packaging
128000000,Deferred tax assets,11,2020,230454572.8298602,G350 - Consumer and Industrial Packaging
129050100,Long-term Revenue Department Receivable - CIT,11,2020,38139689.9784285,G350 - Consumer and Industrial Packaging
129050000,Long-term Revenue Department Receivable - CIT,11,2020,38139689.9784285,G350 - Consumer and Industrial Packaging
129070900,Other deferred assets -  Others - Non-current,11,2020,11345548.68263,G350 - Consumer and Industrial Packaging
129070000,Other deferred assets - Non-current,11,2020,11345548.68263,G350 - Consumer and Industrial Packaging
129000000,Other non-current assets,11,2020,49485238.6610585,G350 - Consumer and Industrial Packaging
129900150,Interco.elim.offset-Other receivable-Non-current,11,2020,0.036136,G350 - Consumer and Industrial Packaging
129900000,Other non-current assets - Intercompany eliminations offset,11,2020,0.036136,G350 - Consumer and Industrial Packaging
120000000,Total non-current assets,11,2020,17439360740.540367,G350 - Consumer and Industrial Packaging
100000000,Total assets,11,2020,30630606514.29726,G350 - Consumer and Industrial Packaging
211020100,Short-term borrowings from financial institutions,11,2020,-1132167936.2455957,G350 - Consumer and Industrial Packaging
211020200,Promissory notes from financial institutions,11,2020,-141893450.0,G350 - Consumer and Industrial Packaging
211020000,Short-term borrowings from financial institutions,11,2020,-1274061386.2455957,G350 - Consumer and Industrial Packaging
211000000,Bank overdrafts & ST borrowings from financial institutions,11,2020,-1274061386.2455957,G350 - Consumer and Industrial Packaging
212010100,Trade payables - Related parties,11,2020,-2834949842.64174,G350 - Consumer and Industrial Packaging
212010200,Trade payables - Other parties,11,2020,-1117640687.982061,G350 - Consumer and Industrial Packaging
212010000,Trade payables,11,2020,-3952590530.6238008,G350 - Consumer and Industrial Packaging
212020110,"Other payables - Property, plant and equipment",11,2020,-78075405.32,G350 - Consumer and Industrial Packaging
212020190,Other payables - Others,11,2020,-57510405.6883455,G350 - Consumer and Industrial Packaging
212020200,Employee payables,11,2020,-45808893.976226,G350 - Consumer and Industrial Packaging
212020310,Accrued interest expenses,11,2020,-16278204.8613454,G350 - Consumer and Industrial Packaging
212020320,Accrued interest expenses - ROU,11,2020,-549427.6357192,G350 - Consumer and Industrial Packaging
212020330,Accrued expenses -  Wages / Bonus / MSP,11,2020,-88995234.492712,G350 - Consumer and Industrial Packaging
212020340,Accrued expenses -  Contract labour and Wages from outside,11,2020,-10360198.8014635,G350 - Consumer and Industrial Packaging
212020350,Accrued expenses -  Freight / Delivery expenses,11,2020,-20246798.1970584,G350 - Consumer and Industrial Packaging
212020360,Accrued expenses -  Rebate,11,2020,-3374500.0,G350 - Consumer and Industrial Packaging
212020370,Accrued expenses -  Sale promotion / Commission / Royalty,11,2020,-59756008.7798476,G350 - Consumer and Industrial Packaging
212020380,Accrued expenses -  Raw Materials / Store supplies,11,2020,-789571.0,G350 - Consumer and Industrial Packaging
212020390,Accrued exp. - Electric/Power/Water/Insurance/Factory,11,2020,-36030840.1269827,G350 - Consumer and Industrial Packaging
212020400,Accrued exp. - professional and consultant fee,11,2020,-8276994.4392276,G350 - Consumer and Industrial Packaging
212020410,Accrued expenses - Concession and royalty fee,11,2020,-1792038.12,G350 - Consumer and Industrial Packaging
212020420,Accrued expenses - Rent,11,2020,-6655182.861085,G350 - Consumer and Industrial Packaging
212020450,Accrued expenses -  Tax,11,2020,-359460.1132254,G350 - Consumer and Industrial Packaging
212020460,Accrued expenses&Unbilled trade payable-Goods&Services,11,2020,-2174036.48,G350 - Consumer and Industrial Packaging
212020490,Accrued expenses - Others,11,2020,-16190403.2844657,G350 - Consumer and Industrial Packaging
212020600,Deposits - Received,11,2020,-8594483.8177106,G350 - Consumer and Industrial Packaging
212020610,Vendor retention,11,2020,-2355042.05,G350 - Consumer and Industrial Packaging
212020700,Deferred rent income,11,2020,-19708.33,G350 - Consumer and Industrial Packaging
212020790,Deferred income - Other,11,2020,-9630.0,G350 - Consumer and Industrial Packaging
212020800,Insurance liabilities,11,2020,-2710.393219,G350 - Consumer and Industrial Packaging
212020900,Revenue Department & Others government tax payble,11,2020,-51873255.224826,G350 - Consumer and Industrial Packaging
212020910,Employee income tax deducted at source,11,2020,-5250934.6342312,G350 - Consumer and Industrial Packaging
212020920,Income tax deducted at source by company,11,2020,-16924215.9480207,G350 - Consumer and Industrial Packaging
212020930,Value added tax (Output tax > Input tax),11,2020,-15423830.0687062,G350 - Consumer and Industrial Packaging
212020940,VAT Output Tax-Deferred (Payable),11,2020,-205972.62,G350 - Consumer and Industrial Packaging
212020000,Other payables,11,2020,-553883387.2644176,G350 - Consumer and Industrial Packaging
212000000,Trade and other current payables,11,2020,-4506473917.888218,G350 - Consumer and Industrial Packaging
215000100,Current portion AP - Lease liabilities,11,2020,-106126039.2339605,G350 - Consumer and Industrial Packaging
215000110,Current portion deferred interest expense-Lease liabilities,11,2020,13999704.8110497,G350 - Consumer and Industrial Packaging
215000000,Current portion of lease liabilities,11,2020,-92126334.4229108,G350 - Consumer and Industrial Packaging
216000100,Short-term borrowings - Related parties,11,2020,-8612168347.704144,G350 - Consumer and Industrial Packaging
216000000,Short-term borrowings,11,2020,-8612168347.704144,G350 - Consumer and Industrial Packaging
217000100,Income tax payable,11,2020,-73715924.9236241,G350 - Consumer and Industrial Packaging
217000000,Income tax payable,11,2020,-73715924.9236241,G350 - Consumer and Industrial Packaging
218010100,Provision accumulated absence,11,2020,-21853796.55,G350 - Consumer and Industrial Packaging
218010200,Short-term provision-employee benefit (non-actuarial method),11,2020,-383959.858791,G350 - Consumer and Industrial Packaging
218010000,Current provisions for employee benefits,11,2020,-22237756.408791,G350 - Consumer and Industrial Packaging
218020200,Provisions - others,11,2020,-3400124.752456,G350 - Consumer and Industrial Packaging
218020000,Other current provisions,11,2020,-3400124.752456,G350 - Consumer and Industrial Packaging
218030210,Derivative liabilities - Foreign exchange risk-FV adj.,11,2020,-5184131.46,G350 - Consumer and Industrial Packaging
218030000,Derivative liabilities,11,2020,-5184131.46,G350 - Consumer and Industrial Packaging
218090100,Other current liabilities - others,11,2020,-692147.947671,G350 - Consumer and Industrial Packaging
218090000,Other current liabilities - others,11,2020,-692147.947671,G350 - Consumer and Industrial Packaging
218000000,Other current liabilities,11,2020,-31514160.568918,G350 - Consumer and Industrial Packaging
219900400,Interco.elim.offset-Short-term borrowings,11,2020,-28086.0275201,G350 - Consumer and Industrial Packaging
219900000,Other current liabilities - Intercompany eliminations offset,11,2020,-28086.0275201,G350 - Consumer and Industrial Packaging
210000000,Total current liabilities,11,2020,-14590088157.780931,G350 - Consumer and Industrial Packaging
222000100,Long-term lease liabilities,11,2020,-230648370.02212,G350 - Consumer and Industrial Packaging
222000200,Long-term deferred interest expense - Lease liabilities,11,2020,15148427.267282,G350 - Consumer and Industrial Packaging
222000000,Lease liabilities,11,2020,-215499942.754838,G350 - Consumer and Industrial Packaging
223020190,Other payables - Others - Non-current,11,2020,-349088.77208,G350 - Consumer and Industrial Packaging
223020600,Deposits - Receive - Non-current,11,2020,-1213384.2,G350 - Consumer and Industrial Packaging
223020610,Vendor retention - Non-current,11,2020,251669.283864,G350 - Consumer and Industrial Packaging
223020000,Other payables - Non-current,11,2020,-1310803.688216,G350 - Consumer and Industrial Packaging
223000000,Trade and other non-current payables,11,2020,-1310803.688216,G350 - Consumer and Industrial Packaging
225000300,"Deferred income tax-Property, plant and equipment",11,2020,-215006899.7015092,G350 - Consumer and Industrial Packaging
225000650,Deferred income tax-Leases-Leasee,11,2020,-62520.96,G350 - Consumer and Industrial Packaging
225000800,Deferred income tax-Derivative,11,2020,-536.28,G350 - Consumer and Industrial Packaging
225000990,Deferred income tax-Others,11,2020,-113554.074333,G350 - Consumer and Industrial Packaging
225000999,Deferred income tax-DTL-Offseting,11,2020,143158.669213,G350 - Consumer and Industrial Packaging
225000900,Deferred income tax-Different between  exchange buying rate,11,2020,-3716.04,G350 - Consumer and Industrial Packaging
225000000,Deferred tax liabilities,11,2020,-215044068.3866292,G350 - Consumer and Industrial Packaging
226000100,Legal serverance payment,11,2020,-826976806.5748631,G350 - Consumer and Industrial Packaging
226000300,Long service award,11,2020,-31387343.64,G350 - Consumer and Industrial Packaging
226000000,Non-current provisions for employee benefits,11,2020,-858364150.2148631,G350 - Consumer and Industrial Packaging
220000000,Total Non-current liabilities,11,2020,-1290218965.0445464,G350 - Consumer and Industrial Packaging
200000000,Total liabilities,11,2020,-15880307122.825478,G350 - Consumer and Industrial Packaging
311500100,Issued & Paid Share capital - Common stock,11,2020,-3514000000.076293,G350 - Consumer and Industrial Packaging
311500000,Issued & Paid Share capital - Common stock,11,2020,-3514000000.076293,G350 - Consumer and Industrial Packaging
312100100,(Premium)Discount on share capital - Preferred stock,11,2020,0.0,G350 - Consumer and Industrial Packaging
312100000,(Premium)Discount on share capital - Preferred stock,11,2020,0.0,G350 - Consumer and Industrial Packaging
312500100,(Premium) Discount  on share capital - Common stock,11,2020,-11999999.9954823,G350 - Consumer and Industrial Packaging
312500000,(Premium) Discount  on share capital - Common stock,11,2020,-11999999.9954823,G350 - Consumer and Industrial Packaging
315100100,Retained earnings - Appropriated - Legal reserve,11,2020,-127833100.0026,G350 - Consumer and Industrial Packaging
315100000,Retained earnings - Appropriated - Legal reserve,11,2020,-127833100.0026,G350 - Consumer and Industrial Packaging
315400100,Retained earnings - Appropriated - General reserve,11,2020,0.000113,G350 - Consumer and Industrial Packaging
315400000,Retained earnings - Appropriated - General reserve,11,2020,0.000113,G350 - Consumer and Industrial Packaging
315500100,Retained earning-Unappropriated-Beginning,11,2020,-9811471330.856102,G350 - Consumer and Industrial Packaging
315500110,Retained earning-Unappropriated-Adjust,11,2020,-20530933.3594076,G350 - Consumer and Industrial Packaging
315500200,Profit/Loss for the period,11,2020,-955809107.0913172,G350 - Consumer and Industrial Packaging
315500300,Final Dividend,11,2020,214520000.0,G350 - Consumer and Industrial Packaging
315500500,Transfer to Legal Reserve,11,2020,0.0,G350 - Consumer and Industrial Packaging
315500800,Transfer to R/E-Components of OCI(Not be reclass to P/L),11,2020,-87988159.065672,G350 - Consumer and Industrial Packaging
315500000,Retained earnings - Unappropriated,11,2020,-10661279530.3725,G350 - Consumer and Industrial Packaging
317020100,Distribute to share holder,11,2020,0.0,G350 - Consumer and Industrial Packaging
317020000,Distribute to share holder,11,2020,0.0,G350 - Consumer and Industrial Packaging
317000000,Other equity interests,11,2020,0.0,G350 - Consumer and Industrial Packaging
319010100,Exchange differences on translating F/S,11,2020,33208077.6977886,G350 - Consumer and Industrial Packaging
319010300,Exchange differences on translating F/S-NCI,11,2020,-27326890.9998098,G350 - Consumer and Industrial Packaging
319010000,Components-OCI-Reclass to P/L:Exchange diff on translate FS,11,2020,5881186.6979788,G350 - Consumer and Industrial Packaging
319035100,Share of OCI-asso-Exchange differences on translating F/S,11,2020,0.0,G350 - Consumer and Industrial Packaging
319035000,Components-OCI-Reclass to P/L:Share of OCI-Associates,11,2020,0.0,G350 - Consumer and Industrial Packaging
319050100,(Gain)loss-re-measure of defined benefit plans,11,2020,61.6905455,G350 - Consumer and Industrial Packaging
319050200,(Gain)loss-re-measure of defined benefit plans-Tax,11,2020,-61.7045445,G350 - Consumer and Industrial Packaging
319050300,(Gain)loss-re-measure of defined benefit plans-NCI,11,2020,0.000302,G350 - Consumer and Industrial Packaging
319050000,Compo-OCI-NotReclassToP/L:(G)/L-Re-measure-define benefit pl,11,2020,-0.013697,G350 - Consumer and Industrial Packaging
319075100,Not reclass to P/L: Other components of OCI,11,2020,-203.14,G350 - Consumer and Industrial Packaging
319075000,Components-OCI-Not reclass to P/L:Other components of OCI,11,2020,-203.14,G350 - Consumer and Industrial Packaging
319080100,ChangInOwnerInterestInSub-Not result in LossControl,11,2020,179062112.337607,G350 - Consumer and Industrial Packaging
319080000,Changes in ownership interests in subsidiaries,11,2020,179062112.337607,G350 - Consumer and Industrial Packaging
319000000,Other components of shareholders' equity,11,2020,184943095.8818888,G350 - Consumer and Industrial Packaging
319900100,Interco.elim.offset-Investment & Share capital,11,2020,-0.0002668,G350 - Consumer and Industrial Packaging
319900000,Changes in other-Investment&Share capital-Inter.Elim.Offset,11,2020,-0.0002668,G350 - Consumer and Industrial Packaging
310000000,Equity attribute to owner of the company,11,2020,-14130169534.565142,G350 - Consumer and Industrial Packaging
321010100,NCI - Capital,11,2020,-584245052.1777993,G350 - Consumer and Industrial Packaging
321010000,NCI - Capital,11,2020,-584245052.1777993,G350 - Consumer and Industrial Packaging
321020100,NCI - Profit and loss,11,2020,-100816421.2004147,G350 - Consumer and Industrial Packaging
321020000,NCI - Profit and loss,11,2020,-100816421.2004147,G350 - Consumer and Industrial Packaging
321030100,NCI - Dividend,11,2020,61536531.3659475,G350 - Consumer and Industrial Packaging
321030000,NCI - Dividend,11,2020,61536531.3659475,G350 - Consumer and Industrial Packaging
321040100,NCI - Exchange diff. on translating F/S,11,2020,5091796.6698098,G350 - Consumer and Industrial Packaging
321040000,NCI - Components of OCI that will be reclass. to profit/loss,11,2020,5091796.6698098,G350 - Consumer and Industrial Packaging
321050300,NCI-(Gain)loss on re-measure. of defined benefit plans,11,2020,-1696711.5360635,G350 - Consumer and Industrial Packaging
321050000,NCI-Component of OCI that will not be reclass to profit/loss,11,2020,-1696711.5360635,G350 - Consumer and Industrial Packaging
321000000,non-controlling interest,11,2020,-620129856.8785203,G350 - Consumer and Industrial Packaging
320000000,Non-controlling interest,11,2020,-620129856.8785203,G350 - Consumer and Industrial Packaging
300000000,Total equity,11,2020,-14750299391.44366,G350 - Consumer and Industrial Packaging
390000000,Total liabilities and shareholders' equity,11,2020,-30630606514.26914,G350 - Consumer and Industrial Packaging
411000100,Gross sales,11,2020,-38737094498.80013,G350 - Consumer and Industrial Packaging
411000110,Normal sales discount,11,2020,2979462.4953099,G350 - Consumer and Industrial Packaging
411000120,Special sales discount,11,2020,1400410.875547,G350 - Consumer and Industrial Packaging
411000130,Sale rebate,11,2020,10305687.84,G350 - Consumer and Industrial Packaging
411000140,Cash sales discount,11,2020,488603.39,G350 - Consumer and Industrial Packaging
411000000,Revenue from sales,11,2020,-38721920334.19928,G350 - Consumer and Industrial Packaging
412000100,Gross service,11,2020,0.0,G350 - Consumer and Industrial Packaging
412000150,Freight Income,11,2020,-7029565.36,G350 - Consumer and Industrial Packaging
412000000,Rendering of services,11,2020,-7029565.36,G350 - Consumer and Industrial Packaging
410000000,Revenues,11,2020,-38728949899.55928,G350 - Consumer and Industrial Packaging
511000100,Direct Cost of Goods sold,11,2020,5946310077.786747,G350 - Consumer and Industrial Packaging
511000000,Direct Cost of Goods sold,11,2020,5946310077.786747,G350 - Consumer and Industrial Packaging
511100100,Cost of services,11,2020,14553.0,G350 - Consumer and Industrial Packaging
511100000,Cost of services,11,2020,14553.0,G350 - Consumer and Industrial Packaging
511300100,Raw material used,11,2020,21904563009.2334,G350 - Consumer and Industrial Packaging
511300000,Raw material used,11,2020,21904563009.2334,G350 - Consumer and Industrial Packaging
512010100,Salary and Wages-Direct-Salary,11,2020,907970411.353504,G350 - Consumer and Industrial Packaging
512010101,Salary and Wages-Direct-Bonus,11,2020,200967204.7580784,G350 - Consumer and Industrial Packaging
512010102,Salary and Wages-Direct-OT,11,2020,156288680.9322383,G350 - Consumer and Industrial Packaging
512010109,Salary and Wages-Direct-Others,11,2020,35766702.4240457,G350 - Consumer and Industrial Packaging
512010110,Salary and Wages-Support-Salary,11,2020,450573734.9759653,G350 - Consumer and Industrial Packaging
512010111,Salary and Wages-Support-Bonus,11,2020,114366412.4824979,G350 - Consumer and Industrial Packaging
512010112,Salary and Wages-Support-OT,11,2020,48348136.178475,G350 - Consumer and Industrial Packaging
512010119,Salary and Wages-Support-Others,11,2020,34201180.3766106,G350 - Consumer and Industrial Packaging
512010141,Employee Welfare-Group Accident Insurance,11,2020,840772.836352,G350 - Consumer and Industrial Packaging
512010142,Employee Welfare-Workmen's Compensation Fund,11,2020,1523507.95,G350 - Consumer and Industrial Packaging
512010143,Employee Welfare-Sport And Recreation,11,2020,459910.7664,G350 - Consumer and Industrial Packaging
512010144,Employee Welfare-Hospital Charge,11,2020,32573367.21249,G350 - Consumer and Industrial Packaging
512010145,Employee Welfare-Social Security Fund,11,2020,58724719.2045136,G350 - Consumer and Industrial Packaging
512010149,Employee Welfare-Others,11,2020,71248210.6537025,G350 - Consumer and Industrial Packaging
512010150,Employee Benefits Expenses-Others,11,2020,2944370.8324023,G350 - Consumer and Industrial Packaging
512010160,"Per Diem, Traveling and Others Expense-Aboard",11,2020,1429020.86794,G350 - Consumer and Industrial Packaging
512010161,Lodging-Aboard,11,2020,194522.69,G350 - Consumer and Industrial Packaging
512010170,"Per Diem, Traveling and Others Expense-Local",11,2020,4217947.9632954,G350 - Consumer and Industrial Packaging
512010171,Lodging-Local,11,2020,605291.2518156,G350 - Consumer and Industrial Packaging
512010172,Toll way fee-Local,11,2020,415753.89515,G350 - Consumer and Industrial Packaging
512010173,Gasoline-Local,11,2020,3526084.7069611,G350 - Consumer and Industrial Packaging
512010181,Employees Development Expenses-In SCG,11,2020,11279313.4,G350 - Consumer and Industrial Packaging
512010182,Employees Development Expenses-Outside,11,2020,1275627.0421666,G350 - Consumer and Industrial Packaging
512010183,Employees Development Expenses-Others,11,2020,11274696.35388,G350 - Consumer and Industrial Packaging
512010902,Salary and Wages-Support-Transfer to cost of direct service,11,2020,-675000.0,G350 - Consumer and Industrial Packaging
512010000,Employee expenses,11,2020,2150340581.1084843,G350 - Consumer and Industrial Packaging
512020100,Emp. benefit exp. by Actuarial-Provision,11,2020,22622225.4180595,G350 - Consumer and Industrial Packaging
512020110,Emp. benefit exp. by Actuarial-Benefit payment,11,2020,10080576.488099,G350 - Consumer and Industrial Packaging
512020120,Emp. benefit exp. by Actuarial-Actuarial gain and loss-P/L,11,2020,-789199.74,G350 - Consumer and Industrial Packaging
512020130,Emp. benefit exp. by Actuarial-Offsetting for emp.benefit,11,2020,-11346963.968099,G350 - Consumer and Industrial Packaging
512020000,Emp. benefit exp. by Actuarial method,11,2020,20566638.1980595,G350 - Consumer and Industrial Packaging
512030100,Emp. benefit exp. by Non-Actuarial-Annual Leave,11,2020,183538.17,G350 - Consumer and Industrial Packaging
512030110,Emp. benefit exp. by Non-Actuarial-PF,11,2020,73360272.72,G350 - Consumer and Industrial Packaging
512030000,Emp. benefit exp. by Non-actuarial method,11,2020,73543810.89,G350 - Consumer and Industrial Packaging
512000000,Employee expenses,11,2020,2244451030.196544,G350 - Consumer and Industrial Packaging
512100100,Wages From Outside-Regular (Direct),11,2020,461959976.3159525,G350 - Consumer and Industrial Packaging
512100110,Wages From Outside-Regular (Indirect),11,2020,142528649.0626791,G350 - Consumer and Industrial Packaging
512100120,Wages From Outside-Temporary,11,2020,2431699.41,G350 - Consumer and Industrial Packaging
512100000,Wages from outside,11,2020,606920324.7886316,G350 - Consumer and Industrial Packaging
512200100,Building and structures rent,11,2020,9445391.99,G350 - Consumer and Industrial Packaging
512200110,Vehicle rent,11,2020,43637320.120076,G350 - Consumer and Industrial Packaging
512200900,Rent-Others,11,2020,47247052.4938112,G350 - Consumer and Industrial Packaging
512200000,Rental expenses,11,2020,100329764.6038872,G350 - Consumer and Industrial Packaging
512300100,Research and Development-R&D Expenses,11,2020,677217.86,G350 - Consumer and Industrial Packaging
512300000,Research and Development Expenses,11,2020,677217.86,G350 - Consumer and Industrial Packaging
512410101,Depreciation-Investment Property-Building and structures,11,2020,1711215.633122,G350 - Consumer and Industrial Packaging
512410110,Depreciation-PPE-Land&Land improvement,11,2020,6707316.04,G350 - Consumer and Industrial Packaging
512410130,Depreciation-PPE-Building and structures,11,2020,163030827.6135615,G350 - Consumer and Industrial Packaging
512410140,Depreciation-PPE-Machinery and equipment,11,2020,887822196.3190506,G350 - Consumer and Industrial Packaging
512410150,Depreciation-PPE-Transportation and equipment,11,2020,4973850.6158454,G350 - Consumer and Industrial Packaging
512410160,Depreciation-PPE-Office furniture and equipment,11,2020,13619834.793429,G350 - Consumer and Industrial Packaging
512410990,Depreciation and depletion-Transfer to cost of service,11,2020,-3843923.91,G350 - Consumer and Industrial Packaging
512410000,Depreciation and depletion,11,2020,1074021317.1050084,G350 - Consumer and Industrial Packaging
512420120,Depreciation-Right of use -Land,11,2020,43472255.0499542,G350 - Consumer and Industrial Packaging
512420130,Depreciation-Right of use-Building and structures,11,2020,3061755.7899365,G350 - Consumer and Industrial Packaging
512420140,Depreciation-Right of use-Machinery and equipment,11,2020,6302165.772252,G350 - Consumer and Industrial Packaging
512420150,Depreciation-Right of use-Transportation and equipment,11,2020,40383227.2681711,G350 - Consumer and Industrial Packaging
512420160,Depreciation-Right of use-Office furniture and equipment,11,2020,3518159.731618,G350 - Consumer and Industrial Packaging
512420000,Depreciation-Right of use assets,11,2020,96737563.6119318,G350 - Consumer and Industrial Packaging
512430100,Amortization of Software licenses,11,2020,6741240.2613455,G350 - Consumer and Industrial Packaging
512430900,Amortization of Intangible assets - Others,11,2020,3652.05,G350 - Consumer and Industrial Packaging
512430000,Amortization,11,2020,6744892.3113455,G350 - Consumer and Industrial Packaging
512400000,"Depreciation, depletion and amortization",11,2020,1177503773.0282855,G350 - Consumer and Industrial Packaging
518000100,Loss on inventory devaluation,11,2020,506770.24,G350 - Consumer and Industrial Packaging
518000000,Loss on inventory devaluation,11,2020,506770.24,G350 - Consumer and Industrial Packaging
519000100,Energy Expenses,11,2020,761121119.0073807,G350 - Consumer and Industrial Packaging
519000110,Repairs and Maintenance Expenses,11,2020,450332773.5741128,G350 - Consumer and Industrial Packaging
519000120,Tools and Equipments,11,2020,111303554.9311789,G350 - Consumer and Industrial Packaging
519000130,Operating Supplies,11,2020,542698919.8076546,G350 - Consumer and Industrial Packaging
519000140,Packaging Supplies Used,11,2020,57830810.6140478,G350 - Consumer and Industrial Packaging
519000150,"Freight ,Relocation&Transportation Exp.",11,2020,28150876.3904845,G350 - Consumer and Industrial Packaging
519000160,"Calibration,Testing&Quality Control Exp.",11,2020,2540674.3407441,G350 - Consumer and Industrial Packaging
519000170,Site Preparation Expenses,11,2020,1956601.597968,G350 - Consumer and Industrial Packaging
519000180,Communication and Mailing Expenses,11,2020,4072925.8384974,G350 - Consumer and Industrial Packaging
519000190,"Government Taxes, Licenses and Other Fee",11,2020,18402763.0199612,G350 - Consumer and Industrial Packaging
519000200,Insurance Expenses,11,2020,22437380.2043491,G350 - Consumer and Industrial Packaging
519000210,Management/Assistance fee,11,2020,348290.5384125,G350 - Consumer and Industrial Packaging
519000240,Lawyers' fee,11,2020,221273.0,G350 - Consumer and Industrial Packaging
519000250,HR management fee,11,2020,1031908.5,G350 - Consumer and Industrial Packaging
519000270,Other professional  fee,11,2020,25556415.3545973,G350 - Consumer and Industrial Packaging
519000300,Advertising Expenses,11,2020,84756.0,G350 - Consumer and Industrial Packaging
519000310,Sales Promotion Expenses,11,2020,602198.6,G350 - Consumer and Industrial Packaging
519000320,Public Relations Expenses,11,2020,644198.7499936,G350 - Consumer and Industrial Packaging
519000330,Representation & Entertainment,11,2020,2149478.39669,G350 - Consumer and Industrial Packaging
519000340,Information Technology-IT,11,2020,30845225.0235745,G350 - Consumer and Industrial Packaging
519000350,Environmental Expenses,11,2020,18145763.1564647,G350 - Consumer and Industrial Packaging
519000360,Miscellaneous Expenses,11,2020,35038405.370228,G350 - Consumer and Industrial Packaging
519000380,Bank Charges,11,2020,339737.35,G350 - Consumer and Industrial Packaging
519000000,FOH- Others,11,2020,2115856049.3663397,G350 - Consumer and Industrial Packaging
519900100,Cost of sales and services - Offsetting,11,2020,622271.8812615,G350 - Consumer and Industrial Packaging
519900000,Cost of sales and services - Offsetting,11,2020,622271.8812615,G350 - Consumer and Industrial Packaging
510000000,Cost of Sales and Services,11,2020,34097754841.985096,G350 - Consumer and Industrial Packaging
991000000,Gross (profit) loss,11,2020,-4631195057.574183,G350 - Consumer and Industrial Packaging
471000100,Interest income from bank and Fin.inst.,11,2020,-60987295.3688186,G350 - Consumer and Industrial Packaging
471000110,Interest income from other parties,11,2020,-220065.5003947,G350 - Consumer and Industrial Packaging
471000120,Interest income from related parties-Promissory Notes&Loan,11,2020,-24325125.35,G350 - Consumer and Industrial Packaging
471000000,Interest Income,11,2020,-85532486.2192133,G350 - Consumer and Industrial Packaging
471100100,Dividend income,11,2020,-63237579.9974356,G350 - Consumer and Industrial Packaging
471100000,Dividend income,11,2020,-63237579.9974356,G350 - Consumer and Industrial Packaging
471200100,Rent income,11,2020,-2434750.12,G350 - Consumer and Industrial Packaging
471200000,Rental income,11,2020,-2434750.12,G350 - Consumer and Industrial Packaging
472020551,Realized gain from Fin.Instru.-FX risk-Trade payables,11,2020,-2148012.7,G350 - Consumer and Industrial Packaging
472020552,Unrealized gain from Fin.Instru.-FX risk-Trade payables,11,2020,0.0,G350 - Consumer and Industrial Packaging
472020601,Realized gain from Fin.Instru.-FX risk-Trade payable-PPE,11,2020,0.0,G350 - Consumer and Industrial Packaging
472020602,Unrealized gain from Fin.Instru.-FX risk-Trade payable-PPE,11,2020,-709322.92,G350 - Consumer and Industrial Packaging
472020000,Gain from financial instruments-FX risk,11,2020,-2857335.62,G350 - Consumer and Industrial Packaging
472099999,Gain from financial instruments - Offseting,11,2020,2857335.62,G350 - Consumer and Industrial Packaging
472099000,Gain from financial instruments - Offseting,11,2020,2857335.62,G350 - Consumer and Industrial Packaging
472000000,Gain from financial instruments,11,2020,0.0,G350 - Consumer and Industrial Packaging
472110101,Realized gain on FX-Non-financing Cash & cash equivalents,11,2020,0.0,G350 - Consumer and Industrial Packaging
472110151,Realized gain on FX-Non-financing Trade receivables,11,2020,-23683923.3612368,G350 - Consumer and Industrial Packaging
472110201,Realized gain on FX-Non-financing Other receivables,11,2020,0.0,G350 - Consumer and Industrial Packaging
472110251,Realized gain on FX-Non-financing Loans to related parties,11,2020,0.0,G350 - Consumer and Industrial Packaging
472110391,Realized gain on FX-Non-financing Other current assets,11,2020,-3358094.04,G350 - Consumer and Industrial Packaging
472110501,Realized gain on FX-Non-financing Trade payables,11,2020,-4035417.7609245,G350 - Consumer and Industrial Packaging
472110551,Realized gain on FX-Non-financing Trade payable-PPE,11,2020,-1562985.21,G350 - Consumer and Industrial Packaging
472110601,Realized gain on FX-Non-financing Accrued expenses,11,2020,-2118791.736488,G350 - Consumer and Industrial Packaging
472110651,Realized gain on FX-Non-financing Other payables,11,2020,0.0,G350 - Consumer and Industrial Packaging
472110891,Realized gain on FX-Non-financing Other current liabilities,11,2020,-324933.16,G350 - Consumer and Industrial Packaging
472110991,Realized gain on FX-Non-financing Other non-current lia.,11,2020,-11590139.253524,G350 - Consumer and Industrial Packaging
472110000,Realized gain on FX - Non-financing,11,2020,-46674284.5221733,G350 - Consumer and Industrial Packaging
472120152,Unrealized gain on FX-Non-financing Trade receivables,11,2020,-14772528.4683212,G350 - Consumer and Industrial Packaging
472120202,Unrealized gain on FX-Non-financing Other receivables,11,2020,-12677.2841585,G350 - Consumer and Industrial Packaging
472120392,Unrealized gain on FX-Non-financing Other current assets,11,2020,0.0,G350 - Consumer and Industrial Packaging
472120492,Unrealized gain on FX-Non-financing Other non-current assets,11,2020,0.0,G350 - Consumer and Industrial Packaging
472120502,Unrealized gain on FX-Non-financing Trade payables,11,2020,-896659.9423968,G350 - Consumer and Industrial Packaging
472120552,Unrealized gain on FX-Non-financing Trade payable-PPE,11,2020,0.0,G350 - Consumer and Industrial Packaging
472120652,Unrealized gain on FX-Non-financing Other payables,11,2020,0.0,G350 - Consumer and Industrial Packaging
472120992,Unrealized gain on FX-Non-finance Other NonCurrent liability,11,2020,-36930463.3457515,G350 - Consumer and Industrial Packaging
472120000,Unrealized gain on FX - Non-financing,11,2020,-52612329.040628,G350 - Consumer and Industrial Packaging
472130201,Realized gain on FX-Borrowing-Related parties,11,2020,-20540091.6037815,G350 - Consumer and Industrial Packaging
472130000,Realized gain on FX-Financing,11,2020,-20540091.6037815,G350 - Consumer and Industrial Packaging
472199999,Gain on FX - Non-financing - Offseting,11,2020,75606262.6759722,G350 - Consumer and Industrial Packaging
472199000,Gain on FX - Non-financing - Offseting,11,2020,75606262.6759722,G350 - Consumer and Industrial Packaging
472100000,Gain on FX,11,2020,-44220442.4906106,G350 - Consumer and Industrial Packaging
472200200,Income from marketing management,11,2020,-63367.5,G350 - Consumer and Industrial Packaging
472200260,Income from employee development,11,2020,-15600.0,G350 - Consumer and Industrial Packaging
472200270,Income from other professional service and consultant,11,2020,0.0,G350 - Consumer and Industrial Packaging
472200280,Income from management income for administration,11,2020,-32225697.6,G350 - Consumer and Industrial Packaging
472200000,Income from services,11,2020,-32304665.1,G350 - Consumer and Industrial Packaging
472300100,Income of Employee Benefit from Transfer of Employee,11,2020,-14050411.340746,G350 - Consumer and Industrial Packaging
472300000,Income of employee benefit from transfer of employees,11,2020,-14050411.340746,G350 - Consumer and Industrial Packaging
472400100,"Gain on sales of materials,store supplies,other sundry goods",11,2020,-102480462.4643728,G350 - Consumer and Industrial Packaging
472400130,Gain on sales of fixed assets,11,2020,0.0,G350 - Consumer and Industrial Packaging
472400140,Gain on sales of intangible assets,11,2020,-337963.0,G350 - Consumer and Industrial Packaging
472400000,Gain on sales of assets,11,2020,-102818425.4643728,G350 - Consumer and Industrial Packaging
472500100,Gain on lease liabilities re-measurement / terminate,11,2020,-591425.17,G350 - Consumer and Industrial Packaging
472500000,Gain on lease Liabilities,11,2020,-591425.17,G350 - Consumer and Industrial Packaging
472700110,Gain on utilities sold,11,2020,-3492.87,G350 - Consumer and Industrial Packaging
472700510,Gain on service-Hire of manufacturing,11,2020,0.0,G350 - Consumer and Industrial Packaging
472700900,Gain on service-Other services,11,2020,-22535097.911638,G350 - Consumer and Industrial Packaging
472700000,Gain on other sales and services,11,2020,-22538590.781638,G350 - Consumer and Industrial Packaging
478300100,Impairment gain and reversal on trade receivable-ECL,11,2020,0.0,G350 - Consumer and Industrial Packaging
478300110,Impairment gain and reversal on trade receivable-Individual,11,2020,-3238861.8566897,G350 - Consumer and Industrial Packaging
478300999,ImpairGainTFRS9-Receivable&ContractAsset&DebtInst-Offseting,11,2020,1720029.1397894,G350 - Consumer and Industrial Packaging
478300000,Impairment gain and reversal of impairment loss with TFRS 9,11,2020,-1518832.7169003,G350 - Consumer and Industrial Packaging
478420150,Reversal for Impairment loss on PPE-Office furniture & equip,11,2020,-11534.7448878,G350 - Consumer and Industrial Packaging
478420999,Reversal for Impairment loss on PPE-Offseting,11,2020,11534.7448878,G350 - Consumer and Industrial Packaging
479000120,Income from claim,11,2020,-22833216.2022289,G350 - Consumer and Industrial Packaging
479000140,Income adjust period,11,2020,0.0,G350 - Consumer and Industrial Packaging
479000150,Penalty income / Delay payment fee,11,2020,-1856368.23204,G350 - Consumer and Industrial Packaging
479000900,Other income-Others,11,2020,-94497985.5531808,G350 - Consumer and Industrial Packaging
479000000,Other income - Others,11,2020,-119187569.9874497,G350 - Consumer and Industrial Packaging
479900130,Interco. eliminations offset - Services,11,2020,-0.000349,G350 - Consumer and Industrial Packaging
479900000,Other income - Intercompany eliminations offset,11,2020,-0.000349,G350 - Consumer and Industrial Packaging
470000000,Other incomes,11,2020,-488435179.3887153,G350 - Consumer and Industrial Packaging
992000000,(Profit) loss before expenses,11,2020,-5119630236.962898,G350 - Consumer and Industrial Packaging
531000100,Domestic Freight,11,2020,1183899608.5632014,G350 - Consumer and Industrial Packaging
531000110,Export Freight,11,2020,3555946.35,G350 - Consumer and Industrial Packaging
531000000,Freight,11,2020,1187455554.9132013,G350 - Consumer and Industrial Packaging
531100110,Commission expenses,11,2020,363013917.434485,G350 - Consumer and Industrial Packaging
531100120,Custom expenses,11,2020,2004151.585,G350 - Consumer and Industrial Packaging
531100130,Insurance expenses,11,2020,611020.5375955,G350 - Consumer and Industrial Packaging
531100140,Breakage & Spoilage/Goods Compensation/Claim,11,2020,281188.78,G350 - Consumer and Industrial Packaging
531100150,Repack,11,2020,141787543.36,G350 - Consumer and Industrial Packaging
531100900,Direct selling expenses-Others,11,2020,10569580.420811,G350 - Consumer and Industrial Packaging
531100000,Direct selling expenses,11,2020,518267402.1178915,G350 - Consumer and Industrial Packaging
532010100,Salary and Wages-Direct-Salary,11,2020,64096433.6514619,G350 - Consumer and Industrial Packaging
532010101,Salary and Wages-Direct-Bonus,11,2020,7312425.9168095,G350 - Consumer and Industrial Packaging
532010102,Salary and Wages-Direct-OT,11,2020,764847.4026378,G350 - Consumer and Industrial Packaging
532010109,Salary and Wages-Direct-Others,11,2020,289965.1703791,G350 - Consumer and Industrial Packaging
532010110,Salary and Wages-Support-Salary,11,2020,206200167.3821791,G350 - Consumer and Industrial Packaging
532010111,Salary and Wages-Support-Bonus,11,2020,57224412.623344,G350 - Consumer and Industrial Packaging
532010112,Salary and Wages-Support-OT,11,2020,2143199.4455105,G350 - Consumer and Industrial Packaging
532010119,Salary and Wages-Support-Others,11,2020,15762563.0444575,G350 - Consumer and Industrial Packaging
532010141,Employee Welfare-Group Accident Insurance,11,2020,8093.46,G350 - Consumer and Industrial Packaging
532010143,Employee Welfare-Sport And Recreation,11,2020,7727.0,G350 - Consumer and Industrial Packaging
532010144,Employee Welfare-Hospital Charge,11,2020,117067.8126,G350 - Consumer and Industrial Packaging
532010145,Employee Welfare-Social Security Fund,11,2020,4329145.5192888,G350 - Consumer and Industrial Packaging
532010149,Employee Welfare-Others,11,2020,4101331.8180309,G350 - Consumer and Industrial Packaging
532010150,Employee Benefits Expenses-Others,11,2020,237235.0328662,G350 - Consumer and Industrial Packaging
532010160,"Per Diem, Traveling and Others Expense-Aboard",11,2020,1091192.9756839,G350 - Consumer and Industrial Packaging
532010161,Lodging-Aboard,11,2020,135493.69,G350 - Consumer and Industrial Packaging
532010170,"Per Diem, Traveling and Others Expense-Local",11,2020,6534100.1148968,G350 - Consumer and Industrial Packaging
532010171,Lodging-Local,11,2020,516785.44,G350 - Consumer and Industrial Packaging
532010172,Toll way fee-Local,11,2020,1805683.421526,G350 - Consumer and Industrial Packaging
532010173,Gasoline-Local,11,2020,10673413.919432,G350 - Consumer and Industrial Packaging
532010181,Employees Development Expenses-In SCG,11,2020,1812195.24,G350 - Consumer and Industrial Packaging
532010182,Employees Development Expenses-Outside,11,2020,2382.24,G350 - Consumer and Industrial Packaging
532010183,Employees Development Expenses-Others,11,2020,983800.72,G350 - Consumer and Industrial Packaging
532010000,Employee expenses,11,2020,386149663.041104,G350 - Consumer and Industrial Packaging
532020100,Emp. benefit exp. by Actuarial-Provision,11,2020,3515246.7219585,G350 - Consumer and Industrial Packaging
532020110,Emp. benefit exp. by Actuarial-Benefit payment,11,2020,1168987.737554,G350 - Consumer and Industrial Packaging
532020130,Emp. benefit exp. by Actuarial-Offsetting for emp.benefit,11,2020,-475387.737554,G350 - Consumer and Industrial Packaging
532020000,Emp. benefit exp. by Actuarial method,11,2020,4208846.7219585,G350 - Consumer and Industrial Packaging
532030100,Emp. benefit exp. by Non-Actuarial-Annual Leave,11,2020,134323.28,G350 - Consumer and Industrial Packaging
532030110,Emp. benefit exp. by Non-Actuarial-PF,11,2020,21319432.78,G350 - Consumer and Industrial Packaging
532030000,Emp. benefit exp. by Non-actuarial method,11,2020,21453756.06,G350 - Consumer and Industrial Packaging
532000000,Employee expenses,11,2020,411812265.8230625,G350 - Consumer and Industrial Packaging
532100110,Wages From Outside-Regular (Indirect),11,2020,547043.64,G350 - Consumer and Industrial Packaging
532100120,Wages From Outside-Temporary,11,2020,1203371.3590625,G350 - Consumer and Industrial Packaging
532100000,Wages from outside,11,2020,1750414.9990625,G350 - Consumer and Industrial Packaging
532200100,Building and structures rent,11,2020,1456270.3140497,G350 - Consumer and Industrial Packaging
532200110,Vehicle rent,11,2020,28390762.3044056,G350 - Consumer and Industrial Packaging
532200900,Rent-Others,11,2020,1113732.471225,G350 - Consumer and Industrial Packaging
532200000,Rental expenses,11,2020,30960765.0896803,G350 - Consumer and Industrial Packaging
532300100,Research and Development-R&D Expenses,11,2020,2680.42,G350 - Consumer and Industrial Packaging
532300000,Research and Development Expenses,11,2020,2680.42,G350 - Consumer and Industrial Packaging
532410130,Depreciation-PPE-Building and structures,11,2020,825142.004603,G350 - Consumer and Industrial Packaging
532410140,Depreciation-PPE-Machinery and equipment,11,2020,317305.2338745,G350 - Consumer and Industrial Packaging
532410160,Depreciation-PPE-Office furniture and equipment,11,2020,9268.69,G350 - Consumer and Industrial Packaging
532410000,Depreciation and depletion,11,2020,1151715.9284775,G350 - Consumer and Industrial Packaging
532420130,Depreciation-Right of use-Building and structures,11,2020,506951.15,G350 - Consumer and Industrial Packaging
532420140,Depreciation-Right of use-Machinery and equipment,11,2020,95581.19,G350 - Consumer and Industrial Packaging
532420150,Depreciation-Right of use-Transportation and equipment,11,2020,14643592.69,G350 - Consumer and Industrial Packaging
532420000,Depreciation-Right of use assets,11,2020,15246125.03,G350 - Consumer and Industrial Packaging
532430100,Amortization of Software licenses,11,2020,230408.780302,G350 - Consumer and Industrial Packaging
532430000,Amortization,11,2020,230408.780302,G350 - Consumer and Industrial Packaging
532400000,"Depreciation, depletion and amortization",11,2020,16628249.7387795,G350 - Consumer and Industrial Packaging
539000100,Energy Expenses,11,2020,177778.6571703,G350 - Consumer and Industrial Packaging
539000110,Repairs and Maintenance Expenses,11,2020,641910.2928739,G350 - Consumer and Industrial Packaging
539000120,Tools and Equipments,11,2020,519908.3195805,G350 - Consumer and Industrial Packaging
539000130,Operating Supplies,11,2020,955411.561219,G350 - Consumer and Industrial Packaging
539000140,Packaging Supplies Used,11,2020,5388629.5453355,G350 - Consumer and Industrial Packaging
539000150,"Freight ,Relocation&Transportation Exp.",11,2020,30571269.6297975,G350 - Consumer and Industrial Packaging
539000160,"Calibration,Testing&Quality Control Exp.",11,2020,1233590.5363726,G350 - Consumer and Industrial Packaging
539000180,Communication and Mailing Expenses,11,2020,4750929.9112323,G350 - Consumer and Industrial Packaging
539000190,"Government Taxes, Licenses and Other Fee",11,2020,1250674.9819146,G350 - Consumer and Industrial Packaging
539000200,Insurance Expenses,11,2020,1502975.0117335,G350 - Consumer and Industrial Packaging
539000210,Management/Assistance fee,11,2020,48259.02,G350 - Consumer and Industrial Packaging
539000240,Lawyers' fee,11,2020,816017.0,G350 - Consumer and Industrial Packaging
539000250,HR management fee,11,2020,636870.0,G350 - Consumer and Industrial Packaging
539000260,Marketing fee,11,2020,111334568.777745,G350 - Consumer and Industrial Packaging
539000270,Other profossional  fee,11,2020,1353729.14057,G350 - Consumer and Industrial Packaging
539000300,Advertising Expenses,11,2020,3325266.64,G350 - Consumer and Industrial Packaging
539000310,Sales Promotion Expenses,11,2020,11455166.8319445,G350 - Consumer and Industrial Packaging
539000320,Public Relations Expenses,11,2020,2732483.058089,G350 - Consumer and Industrial Packaging
539000330,Representation & Entertainment,11,2020,32222105.7670678,G350 - Consumer and Industrial Packaging
539000340,Information Technology-IT,11,2020,1485020.005552,G350 - Consumer and Industrial Packaging
539000360,Miscellaneous Expenses,11,2020,3645106.2820334,G350 - Consumer and Industrial Packaging
539000370,Donation,11,2020,70217.46725,G350 - Consumer and Industrial Packaging
539000380,Bank Charges,11,2020,2682951.34,G350 - Consumer and Industrial Packaging
539000000,Distribution Cost : Marketing expense - Others,11,2020,218800839.7774814,G350 - Consumer and Industrial Packaging
530000000,Distribution costs,11,2020,2385678172.879159,G350 - Consumer and Industrial Packaging
552010100,Salary and Wages-Direct-Salary,11,2020,63510791.0993193,G350 - Consumer and Industrial Packaging
552010101,Salary and Wages-Direct-Bonus,11,2020,17278069.1188268,G350 - Consumer and Industrial Packaging
552010102,Salary and Wages-Direct-OT,11,2020,1223038.1696024,G350 - Consumer and Industrial Packaging
552010109,Salary and Wages-Direct-Others,11,2020,746370.908549,G350 - Consumer and Industrial Packaging
552010110,Salary and Wages-Support-Salary,11,2020,277493090.6558484,G350 - Consumer and Industrial Packaging
552010111,Salary and Wages-Support-Bonus,11,2020,77169216.9130289,G350 - Consumer and Industrial Packaging
552010112,Salary and Wages-Support-OT,11,2020,3218177.254479,G350 - Consumer and Industrial Packaging
552010119,Salary and Wages-Support-Others,11,2020,16032285.7311814,G350 - Consumer and Industrial Packaging
552010141,Employee Welfare-Group Accident Insurance,11,2020,365634.51017,G350 - Consumer and Industrial Packaging
552010142,Employee Welfare-Workmen's Compensation Fund,11,2020,275699.05,G350 - Consumer and Industrial Packaging
552010143,Employee Welfare-Sport And Recreation,11,2020,868013.2533,G350 - Consumer and Industrial Packaging
552010144,Employee Welfare-Hospital Charge,11,2020,18413700.877,G350 - Consumer and Industrial Packaging
552010145,Employee Welfare-Social Security Fund,11,2020,13579603.9374887,G350 - Consumer and Industrial Packaging
552010149,Employee Welfare-Others,11,2020,20393724.2475111,G350 - Consumer and Industrial Packaging
552010160,"Per Diem, Traveling and Others Expense-Aboard",11,2020,5848995.8444365,G350 - Consumer and Industrial Packaging
552010161,Lodging-Aboard,11,2020,1414348.8210914,G350 - Consumer and Industrial Packaging
552010170,"Per Diem, Traveling and Others Expense-Local",11,2020,6897430.8167675,G350 - Consumer and Industrial Packaging
552010171,Lodging-Local,11,2020,1091388.4806248,G350 - Consumer and Industrial Packaging
552010172,Toll way fee-Local,11,2020,1346585.8890065,G350 - Consumer and Industrial Packaging
552010173,Gasoline-Local,11,2020,7245159.2845125,G350 - Consumer and Industrial Packaging
552010181,Employees Development Expenses-In SCG,11,2020,8736420.35,G350 - Consumer and Industrial Packaging
552010182,Employees Development Expenses-Outside,11,2020,563432.2643,G350 - Consumer and Industrial Packaging
552010183,Employees Development Expenses-Others,11,2020,3620564.785,G350 - Consumer and Industrial Packaging
552010000,Employee expenses,11,2020,547331742.2620442,G350 - Consumer and Industrial Packaging
552020100,Emp. benefit exp. by Actuarial-Provision,11,2020,-11634807.7375637,G350 - Consumer and Industrial Packaging
552020110,Emp. benefit exp. by Actuarial-Benefit payment,11,2020,14312130.6765357,G350 - Consumer and Industrial Packaging
552020120,Emp. benefit exp. by Actuarial-Actuarial gain and loss-P/L,11,2020,-803706.2004247,G350 - Consumer and Industrial Packaging
552020130,Emp. benefit exp. by Actuarial-Offsetting for emp.benefit,11,2020,-13165410.0744878,G350 - Consumer and Industrial Packaging
552020000,Emp. benefit exp. by Actuarial method,11,2020,-11291793.3359405,G350 - Consumer and Industrial Packaging
552030100,Emp. benefit exp. by Non-Actuarial-Annual Leave,11,2020,1957056.6,G350 - Consumer and Industrial Packaging
552030110,Emp. benefit exp. by Non-Actuarial-PF,11,2020,19178966.35,G350 - Consumer and Industrial Packaging
552030120,Emp. benefit exp. by Non-Actuarial-Early retirement expenses,11,2020,2966724.01,G350 - Consumer and Industrial Packaging
552030000,Emp. benefit exp. by Non-actuarial method,11,2020,24102746.96,G350 - Consumer and Industrial Packaging
572300100,Employee Benefit Exp.(Provision) from Transfer of Employee,11,2020,3488.961483,G350 - Consumer and Industrial Packaging
572300000,Employee Benefit Exp (Provision) from Transfer of Employee,11,2020,3488.961483,G350 - Consumer and Industrial Packaging
552040100,Interest cost-Employee benefits (Actuarial method),11,2020,29304684.2642354,G350 - Consumer and Industrial Packaging
552040000,Interest cost - Employee benefits (Actuarial method),11,2020,29304684.2642354,G350 - Consumer and Industrial Packaging
552000000,Employee expenses,11,2020,589450869.1118221,G350 - Consumer and Industrial Packaging
552100100,Wages From Outside-Regular (Direct),11,2020,534134.100937,G350 - Consumer and Industrial Packaging
552100110,Wages From Outside-Regular (Indirect),11,2020,7295909.8322967,G350 - Consumer and Industrial Packaging
552100120,Wages From Outside-Temporary,11,2020,4571638.06,G350 - Consumer and Industrial Packaging
552100000,Wages from outside,11,2020,12401681.9932337,G350 - Consumer and Industrial Packaging
552200100,Building and structures rent,11,2020,4900925.7240384,G350 - Consumer and Industrial Packaging
552200110,Vehicle rent,11,2020,5800202.6723705,G350 - Consumer and Industrial Packaging
552200900,Rent-Others,11,2020,11458203.0909096,G350 - Consumer and Industrial Packaging
552200000,Rental expenses,11,2020,22159331.4873185,G350 - Consumer and Industrial Packaging
552300100,Research and Development expenses,11,2020,40405893.46,G350 - Consumer and Industrial Packaging
552300000,Research and Development expenses,11,2020,40405893.46,G350 - Consumer and Industrial Packaging
552410130,Depreciation-PPE-Building and structures,11,2020,4503768.4273472,G350 - Consumer and Industrial Packaging
552410140,Depreciation-PPE-Machinery and equipment,11,2020,-585009.22,G350 - Consumer and Industrial Packaging
552410150,Depreciation-PPE-Transportation and equipment,11,2020,91880.0539305,G350 - Consumer and Industrial Packaging
552410160,Depreciation-PPE-Office furniture and equipment,11,2020,9227256.1615463,G350 - Consumer and Industrial Packaging
552410900,Depreciation-PPE-Other depreciable assets,11,2020,29568.647976,G350 - Consumer and Industrial Packaging
552410000,Depreciation and depletion,11,2020,13267464.0708,G350 - Consumer and Industrial Packaging
552420130,Depreciation-Right of use-Building and structures,11,2020,4137525.8336466,G350 - Consumer and Industrial Packaging
552420150,Depreciation-Right of use-Transportation and equipment,11,2020,9041729.2182364,G350 - Consumer and Industrial Packaging
552420160,Depreciation-Right of use-Office furniture and equipment,11,2020,199559.17,G350 - Consumer and Industrial Packaging
552420000,Depreciation-Right of use assets,11,2020,13378814.221883,G350 - Consumer and Industrial Packaging
552430100,Amortization of Software licenses,11,2020,13807099.8667951,G350 - Consumer and Industrial Packaging
552430900,Amortization of Intangible assets - Others,11,2020,114311.5775715,G350 - Consumer and Industrial Packaging
552430000,Amortization,11,2020,13921411.4443666,G350 - Consumer and Industrial Packaging
552400000,"Depreciation, depletion and amortization",11,2020,40567689.7370496,G350 - Consumer and Industrial Packaging
559000100,Energy Expenses,11,2020,5009435.2105773,G350 - Consumer and Industrial Packaging
559000110,Repairs and Maintenance Expenses,11,2020,2996867.1502455,G350 - Consumer and Industrial Packaging
559000120,Tools and Equipments,11,2020,5505168.4025347,G350 - Consumer and Industrial Packaging
559000130,Operating Supplies,11,2020,2469716.1316,G350 - Consumer and Industrial Packaging
559000140,Packaging Supplies Used,11,2020,88638.1920695,G350 - Consumer and Industrial Packaging
559000150,"Freight ,Relocation&Transportation Exp.",11,2020,2889548.56,G350 - Consumer and Industrial Packaging
559000160,"Calibration,Testing&Quality Control Exp.",11,2020,874596.57,G350 - Consumer and Industrial Packaging
559000180,Communication and Mailing Expenses,11,2020,6695081.4523881,G350 - Consumer and Industrial Packaging
559000190,"Government Taxes, Licenses and Other Fee",11,2020,5241845.7537507,G350 - Consumer and Industrial Packaging
559000200,Insurance Expenses,11,2020,3495336.7165521,G350 - Consumer and Industrial Packaging
559000210,Management/Assistance fee,11,2020,-4624218.86,G350 - Consumer and Industrial Packaging
559000220,Audit fee,11,2020,16414560.4047511,G350 - Consumer and Industrial Packaging
559000230,Accounting fee,11,2020,106086147.58,G350 - Consumer and Industrial Packaging
559000240,Lawyers' fee,11,2020,1163828.6364,G350 - Consumer and Industrial Packaging
559000250,HR management fee,11,2020,46703585.83666,G350 - Consumer and Industrial Packaging
559000270,Other profossional  fee,11,2020,184553790.0071833,G350 - Consumer and Industrial Packaging
559000290,Director remuneration,11,2020,667641.134874,G350 - Consumer and Industrial Packaging
559000300,Advertising Expenses,11,2020,44862.15,G350 - Consumer and Industrial Packaging
559000310,Sales Promotion Expenses,11,2020,1385905.51,G350 - Consumer and Industrial Packaging
559000320,Public Relations Expenses,11,2020,67609.84,G350 - Consumer and Industrial Packaging
559000330,Representation & Entertainment,11,2020,1603294.9524517,G350 - Consumer and Industrial Packaging
559000340,Information Technology-IT,11,2020,111570470.9097642,G350 - Consumer and Industrial Packaging
559000360,Miscellaneous Expenses,11,2020,13443338.8244052,G350 - Consumer and Industrial Packaging
559000370,Donation,11,2020,2082871.302828,G350 - Consumer and Industrial Packaging
559000380,Bank Charges,11,2020,8198332.0784572,G350 - Consumer and Industrial Packaging
579000120,Loss on Claim,11,2020,0.0,G350 - Consumer and Industrial Packaging
579000140,Expense Adjustment,11,2020,1712689.7500675,G350 - Consumer and Industrial Packaging
579000150,Penalty Surcharge,11,2020,1189272.9274545,G350 - Consumer and Industrial Packaging
579000200,Incorrect input tax,11,2020,102397.2,G350 - Consumer and Industrial Packaging
579000210,Output tax uncollected from customer,11,2020,1175366.299699,G350 - Consumer and Industrial Packaging
579000900,Other expense-Others,11,2020,6741502.1861734,G350 - Consumer and Industrial Packaging
579900100,Interco. eliminations offset - Management expenses,11,2020,0.0,G350 - Consumer and Industrial Packaging
579900110,Interco. eliminations offset - IT expenses,11,2020,19717.5,G350 - Consumer and Industrial Packaging
579900120,Interco. eliminations offset - Lease,11,2020,1333761.19,G350 - Consumer and Industrial Packaging
579900130,Interco. eliminations offset - Services,11,2020,0.0,G350 - Consumer and Industrial Packaging
579900000,Other expenses - Intercompany eliminations offset,11,2020,1353478.69,G350 - Consumer and Industrial Packaging
559000000,Administrative expenses - Others,11,2020,536902961.500887,G350 - Consumer and Industrial Packaging
572700510,Loss on service-Hire of manufacturing,11,2020,215333.4,G350 - Consumer and Industrial Packaging
572700900,Loss on service-Other services,11,2020,0.0,G350 - Consumer and Industrial Packaging
572700000,Loss on other sales and services,11,2020,215333.4,G350 - Consumer and Industrial Packaging
550000000,Administrative expenses,11,2020,1242103760.6903107,G350 - Consumer and Industrial Packaging
558300100,Impairment loss on trade receivable-ECL,11,2020,1571048.6165594,G350 - Consumer and Industrial Packaging
558300110,Impairment loss on trade receivable-Individual,11,2020,0.0,G350 - Consumer and Industrial Packaging
558300111,Doubtful Debts and Bad Debts Expenses,11,2020,7827529.0280445,G350 - Consumer and Industrial Packaging
558300120,Impairment loss on other receivable-Individual,11,2020,148980.52323,G350 - Consumer and Industrial Packaging
558300000,Impairment loss-TFRS 9-Receivable&Contract Assets,11,2020,9547558.1678339,G350 - Consumer and Industrial Packaging
572020101,Realized loss from Fin.Instru.-FX risk-Trade receivables,11,2020,456450.9247235,G350 - Consumer and Industrial Packaging
572020102,Unrealized loss from Fin.Instru.-FX risk-Trade receivables,11,2020,241888.3969114,G350 - Consumer and Industrial Packaging
572020551,Realized loss from Fin.Instru.-FX risk-Trade payables,11,2020,0.0,G350 - Consumer and Industrial Packaging
572020552,Unrealized loss from Fin.Instru.-FX risk-Trade payables,11,2020,4753942.93,G350 - Consumer and Industrial Packaging
572020601,Realized loss from Fin.Instru.-FX risk-Trade payable-PPE,11,2020,3970934.45,G350 - Consumer and Industrial Packaging
572020000,Loss from financial instruments-FX risk,11,2020,9423216.7016349,G350 - Consumer and Industrial Packaging
572099999,Loss from financial instruments - Offseting,11,2020,-2857335.62,G350 - Consumer and Industrial Packaging
572099000,Loss from financial instruments - Offseting,11,2020,-2857335.62,G350 - Consumer and Industrial Packaging
572000000,Loss from financial instruments,11,2020,6565881.0816349,G350 - Consumer and Industrial Packaging
572110101,Realized loss on FX-Non-financing Cash & cash equivalents,11,2020,3446410.013808,G350 - Consumer and Industrial Packaging
572110151,Realized loss on FX-Non-financing Trade receivables,11,2020,0.0,G350 - Consumer and Industrial Packaging
572110201,Realized loss on FX-Non-financing Other receivables,11,2020,666808.779142,G350 - Consumer and Industrial Packaging
572110251,Realized loss on FX-Non-financing Loans to related parties,11,2020,19764562.51,G350 - Consumer and Industrial Packaging
572110491,Realized loss on FX-Non-financing Other non-current assets,11,2020,11545938.320176,G350 - Consumer and Industrial Packaging
572110501,Realized loss on FX-Non-financing Trade payables,11,2020,0.0,G350 - Consumer and Industrial Packaging
572110551,Realized loss on FX-Non-financing Trade payable-PPE,11,2020,0.0,G350 - Consumer and Industrial Packaging
572110601,Realized loss on FX-Non-financing Accrued expenses,11,2020,0.0,G350 - Consumer and Industrial Packaging
572110651,Realized loss on FX-Non-financing Other payables,11,2020,1279160.365602,G350 - Consumer and Industrial Packaging
572110891,Realized loss on FX-Non-financing Other current liabilities,11,2020,0.0,G350 - Consumer and Industrial Packaging
572110000,Realized loss on FX - Non-financing,11,2020,36702879.988728,G350 - Consumer and Industrial Packaging
572120152,Unrealized loss on FX-Non-financing Trade receivables,11,2020,0.0,G350 - Consumer and Industrial Packaging
572120252,Unrealized loss on FX-Non-financing Loans to related parties,11,2020,438468.910632,G350 - Consumer and Industrial Packaging
572120392,Unrealized loss on FX-Non-financing Other current assets,11,2020,137753.8281217,G350 - Consumer and Industrial Packaging
572120492,Unrealized loss on FX-Non-financing Other non-current assets,11,2020,36461127.834006,G350 - Consumer and Industrial Packaging
572120502,Unrealized loss on FX-Non-financing Trade payables,11,2020,0.0,G350 - Consumer and Industrial Packaging
572120552,Unrealized loss on FX-Non-financing Trade payable-PPE,11,2020,1685631.02,G350 - Consumer and Industrial Packaging
572120652,Unrealized loss on FX-Non-financing Other payables,11,2020,26285.3968255,G350 - Consumer and Industrial Packaging
572120000,Unrealized loss on FX - Non-financing,11,2020,38749266.9895852,G350 - Consumer and Industrial Packaging
572140202,Unreallized loss on FX-Borrowing-Related parties,11,2020,154115.697659,G350 - Consumer and Industrial Packaging
572140000,Unrealized loss on FX-Financing,11,2020,154115.697659,G350 - Consumer and Industrial Packaging
572199999,Loss on FX - Non-financing - Offseting,11,2020,-75606262.6759722,G350 - Consumer and Industrial Packaging
572199000,Loss on FX - Non-financing - Offseting,11,2020,-75606262.6759722,G350 - Consumer and Industrial Packaging
572100000,Loss on FX,11,2020,0.0,G350 - Consumer and Industrial Packaging
572400100,"Loss on sales of materials,store supplies,other sundry goods",11,2020,0.0,G350 - Consumer and Industrial Packaging
572400130,Loss on sales of fixed assets,11,2020,21307257.6291539,G350 - Consumer and Industrial Packaging
572400140,Loss on sales of intangible assets,11,2020,0.0,G350 - Consumer and Industrial Packaging
572400000,Loss on sales of assets,11,2020,21307257.6291539,G350 - Consumer and Industrial Packaging
578100100,Loss on decline in value of inventory lost,11,2020,219244.32,G350 - Consumer and Industrial Packaging
578100000,Loss of decline in value of inventory,11,2020,219244.32,G350 - Consumer and Industrial Packaging
578300999,ImpairLossTFRS9-Receivable&ContractAsset&DebtInst-Offseting,11,2020,-1720029.1397894,G350 - Consumer and Industrial Packaging
578300000,Impairment loss-TFRS 9-Debt instruments,11,2020,-1720029.1397894,G350 - Consumer and Industrial Packaging
578410100,Impairment loss on investments in subsidiaries,11,2020,0.0,G350 - Consumer and Industrial Packaging
578410000,Impairment loss on investments,11,2020,0.0,G350 - Consumer and Industrial Packaging
578420130,Impairment loss on PPE-Machinery and equipment,11,2020,6948460.9835249,G350 - Consumer and Industrial Packaging
578420999,Impairment loss on PPE-Offseting,11,2020,-11534.7448878,G350 - Consumer and Industrial Packaging
578420000,Impairment loss on fixed assets,11,2020,6936926.2386371,G350 - Consumer and Industrial Packaging
578450100,Impairment loss on Software licenses,11,2020,3327514.589374,G350 - Consumer and Industrial Packaging
578450000,Impairment loss on intangible Assets,11,2020,3327514.589374,G350 - Consumer and Industrial Packaging
578400000,Impairment loss on assets,11,2020,10264440.8280111,G350 - Consumer and Industrial Packaging
570000000,Other expenses,11,2020,46184352.8868444,G350 - Consumer and Industrial Packaging
993000000,Total expenses,11,2020,3673966286.4563146,G350 - Consumer and Industrial Packaging
994000000,(Profit) loss from operations,11,2020,-1445663950.506584,G350 - Consumer and Industrial Packaging
581000100,Interest expenses to related parties-Promissory Notes&Loan,11,2020,171716989.7862744,G350 - Consumer and Industrial Packaging
581000110,Interest expenses-lease liabilities to related parties,11,2020,862248.66,G350 - Consumer and Industrial Packaging
581000120,Interest expenses-OD and ST borrowings (Baht),11,2020,358001.75,G350 - Consumer and Industrial Packaging
581000140,Interest expenses-lease liabilities (Baht),11,2020,4420084.741174,G350 - Consumer and Industrial Packaging
581000160,Interest expenses-OD and ST borrowings (Foreign),11,2020,52456896.9801023,G350 - Consumer and Industrial Packaging
581000170,Interest expenses-long-term loans (Foreign),11,2020,-94772.2430322,G350 - Consumer and Industrial Packaging
581000180,Interest expenses-lease liabilities (Foreign),11,2020,3972462.9689096,G350 - Consumer and Industrial Packaging
581000190,Interest on deferred payments for acquisition of machinery,11,2020,25429.16,G350 - Consumer and Industrial Packaging
581000210,Interest expenses-others,11,2020,7900201.8357629,G350 - Consumer and Industrial Packaging
581000250,Foreign bank charges-finance costs,11,2020,688.17,G350 - Consumer and Industrial Packaging
581000900,Finance costs-Others,11,2020,542091.10852,G350 - Consumer and Industrial Packaging
581000000,Financial Cost,11,2020,242160322.917711,G350 - Consumer and Industrial Packaging
580000000,Finance Cost,11,2020,242160322.917711,G350 - Consumer and Industrial Packaging
995000000,(Profit) loss before income tax (benefit) expense,11,2020,-1203503627.588873,G350 - Consumer and Industrial Packaging
591000100,Current income tax,11,2020,191853658.1799678,G350 - Consumer and Industrial Packaging
591000000,Current income tax,11,2020,191853658.1799678,G350 - Consumer and Industrial Packaging
591100100,Deferred income tax-Receivables,11,2020,-2569411.663157,G350 - Consumer and Industrial Packaging
591100150,Deferred income tax-Inventories,11,2020,221275.9024441,G350 - Consumer and Industrial Packaging
591100250,Deferred income tax-Investments,11,2020,25196593.79,G350 - Consumer and Industrial Packaging
591100300,"Deferred income tax-Property, plant and equipment",11,2020,-30874197.3460524,G350 - Consumer and Industrial Packaging
591100500,Deferred income tax-Employee benefits,11,2020,-1016466.1065875,G350 - Consumer and Industrial Packaging
591100550,Deferred income tax-Provisions,11,2020,1922.445566,G350 - Consumer and Industrial Packaging
591100650,Deferred income tax-Leases-Leasee,11,2020,-1132330.9468545,G350 - Consumer and Industrial Packaging
591100800,Deferred income tax-Derivative,11,2020,-222606.67,G350 - Consumer and Industrial Packaging
591100900,Deferred income tax-Loss carry forward,11,2020,14082734.2187855,G350 - Consumer and Industrial Packaging
591100990,Deferred income tax-Others,11,2020,1666579.7782155,G350 - Consumer and Industrial Packaging
591100000,Deferred income tax,11,2020,5354093.4023597,G350 - Consumer and Industrial Packaging
590000000,Tax expense (Income),11,2020,197207751.5823275,G350 - Consumer and Industrial Packaging
996000000,(Profit) loss for the year,11,2020,-1006295876.0065455,G350 - Consumer and Industrial Packaging
710000100,Non-controlling interests,11,2020,50486768.9152273,G350 - Consumer and Industrial Packaging
710000000,Non-controlling interests,11,2020,50486768.9152273,G350 - Consumer and Industrial Packaging
700000000,Non-controlling interests,11,2020,50486768.9152273,G350 - Consumer and Industrial Packaging
